participant_id	site_prefix	source_dataset
sub-v1s0x0050647	v1s0	abide1
sub-v1s0x0050649	v1s0	abide1
sub-v1s0x0050653	v1s0	abide1
sub-v1s0x0050654	v1s0	abide1
sub-v1s0x0050656	v1s0	abide1
sub-v1s0x0050659	v1s0	abide1
sub-v1s0x0050660	v1s0	abide1
sub-v1s0x0050663	v1s0	abide1
sub-v1s0x0050664	v1s0	abide1
sub-v1s0x0050665	v1s0	abide1
sub-v1s0x0050666	v1s0	abide1
sub-v1s0x0050668	v1s0	abide1
sub-v1s10x0050952	v1s10	abide1
sub-v1s10x0050953	v1s10	abide1
sub-v1s10x0050954	v1s10	abide1
sub-v1s10x0050955	v1s10	abide1
sub-v1s10x0050956	v1s10	abide1
sub-v1s10x0050957	v1s10	abide1
sub-v1s10x0050958	v1s10	abide1
sub-v1s10x0050959	v1s10	abide1
sub-v1s10x0050960	v1s10	abide1
sub-v1s10x0050961	v1s10	abide1
sub-v1s10x0050962	v1s10	abide1
sub-v1s10x0050964	v1s10	abide1
sub-v1s10x0050965	v1s10	abide1
sub-v1s10x0050966	v1s10	abide1
sub-v1s10x0050967	v1s10	abide1
sub-v1s10x0050968	v1s10	abide1
sub-v1s10x0050969	v1s10	abide1
sub-v1s10x0050970	v1s10	abide1
sub-v1s10x0050971	v1s10	abide1
sub-v1s10x0050972	v1s10	abide1
sub-v1s10x0050973	v1s10	abide1
sub-v1s10x0050974	v1s10	abide1
sub-v1s10x0050975	v1s10	abide1
sub-v1s10x0050976	v1s10	abide1
sub-v1s10x0050977	v1s10	abide1
sub-v1s10x0050978	v1s10	abide1
sub-v1s10x0050979	v1s10	abide1
sub-v1s10x0050980	v1s10	abide1
sub-v1s10x0050981	v1s10	abide1
sub-v1s10x0050982	v1s10	abide1
sub-v1s10x0050983	v1s10	abide1
sub-v1s10x0050984	v1s10	abide1
sub-v1s10x0050985	v1s10	abide1
sub-v1s10x0050986	v1s10	abide1
sub-v1s10x0050987	v1s10	abide1
sub-v1s10x0050988	v1s10	abide1
sub-v1s10x0050989	v1s10	abide1
sub-v1s10x0050990	v1s10	abide1
sub-v1s10x0050991	v1s10	abide1
sub-v1s10x0050992	v1s10	abide1
sub-v1s10x0050993	v1s10	abide1
sub-v1s10x0050994	v1s10	abide1
sub-v1s10x0050995	v1s10	abide1
sub-v1s10x0050996	v1s10	abide1
sub-v1s10x0050997	v1s10	abide1
sub-v1s10x0050998	v1s10	abide1
sub-v1s10x0050999	v1s10	abide1
sub-v1s10x0051000	v1s10	abide1
sub-v1s10x0051001	v1s10	abide1
sub-v1s10x0051002	v1s10	abide1
sub-v1s10x0051003	v1s10	abide1
sub-v1s10x0051006	v1s10	abide1
sub-v1s10x0051007	v1s10	abide1
sub-v1s10x0051008	v1s10	abide1
sub-v1s10x0051009	v1s10	abide1
sub-v1s10x0051010	v1s10	abide1
sub-v1s10x0051011	v1s10	abide1
sub-v1s10x0051012	v1s10	abide1
sub-v1s10x0051013	v1s10	abide1
sub-v1s10x0051014	v1s10	abide1
sub-v1s10x0051015	v1s10	abide1
sub-v1s10x0051016	v1s10	abide1
sub-v1s10x0051017	v1s10	abide1
sub-v1s10x0051018	v1s10	abide1
sub-v1s10x0051019	v1s10	abide1
sub-v1s10x0051020	v1s10	abide1
sub-v1s10x0051021	v1s10	abide1
sub-v1s10x0051023	v1s10	abide1
sub-v1s10x0051024	v1s10	abide1
sub-v1s10x0051025	v1s10	abide1
sub-v1s10x0051026	v1s10	abide1
sub-v1s10x0051027	v1s10	abide1
sub-v1s10x0051028	v1s10	abide1
sub-v1s10x0051029	v1s10	abide1
sub-v1s10x0051030	v1s10	abide1
sub-v1s10x0051032	v1s10	abide1
sub-v1s10x0051033	v1s10	abide1
sub-v1s10x0051034	v1s10	abide1
sub-v1s10x0051035	v1s10	abide1
sub-v1s10x0051036	v1s10	abide1
sub-v1s10x0051038	v1s10	abide1
sub-v1s10x0051039	v1s10	abide1
sub-v1s10x0051040	v1s10	abide1
sub-v1s10x0051041	v1s10	abide1
sub-v1s10x0051042	v1s10	abide1
sub-v1s10x0051044	v1s10	abide1
sub-v1s10x0051045	v1s10	abide1
sub-v1s10x0051046	v1s10	abide1
sub-v1s10x0051047	v1s10	abide1
sub-v1s10x0051048	v1s10	abide1
sub-v1s10x0051049	v1s10	abide1
sub-v1s10x0051050	v1s10	abide1
sub-v1s10x0051051	v1s10	abide1
sub-v1s10x0051052	v1s10	abide1
sub-v1s10x0051053	v1s10	abide1
sub-v1s10x0051054	v1s10	abide1
sub-v1s10x0051055	v1s10	abide1
sub-v1s10x0051056	v1s10	abide1
sub-v1s10x0051057	v1s10	abide1
sub-v1s10x0051058	v1s10	abide1
sub-v1s10x0051059	v1s10	abide1
sub-v1s10x0051060	v1s10	abide1
sub-v1s10x0051061	v1s10	abide1
sub-v1s10x0051062	v1s10	abide1
sub-v1s10x0051063	v1s10	abide1
sub-v1s10x0051064	v1s10	abide1
sub-v1s10x0051065	v1s10	abide1
sub-v1s10x0051066	v1s10	abide1
sub-v1s10x0051067	v1s10	abide1
sub-v1s10x0051068	v1s10	abide1
sub-v1s10x0051069	v1s10	abide1
sub-v1s10x0051070	v1s10	abide1
sub-v1s10x0051071	v1s10	abide1
sub-v1s10x0051072	v1s10	abide1
sub-v1s10x0051073	v1s10	abide1
sub-v1s10x0051074	v1s10	abide1
sub-v1s10x0051075	v1s10	abide1
sub-v1s10x0051076	v1s10	abide1
sub-v1s10x0051077	v1s10	abide1
sub-v1s10x0051078	v1s10	abide1
sub-v1s10x0051079	v1s10	abide1
sub-v1s10x0051080	v1s10	abide1
sub-v1s10x0051081	v1s10	abide1
sub-v1s10x0051082	v1s10	abide1
sub-v1s10x0051083	v1s10	abide1
sub-v1s10x0051084	v1s10	abide1
sub-v1s10x0051085	v1s10	abide1
sub-v1s10x0051086	v1s10	abide1
sub-v1s10x0051087	v1s10	abide1
sub-v1s10x0051088	v1s10	abide1
sub-v1s10x0051089	v1s10	abide1
sub-v1s10x0051090	v1s10	abide1
sub-v1s10x0051091	v1s10	abide1
sub-v1s10x0051093	v1s10	abide1
sub-v1s10x0051094	v1s10	abide1
sub-v1s10x0051095	v1s10	abide1
sub-v1s10x0051096	v1s10	abide1
sub-v1s10x0051097	v1s10	abide1
sub-v1s10x0051098	v1s10	abide1
sub-v1s10x0051099	v1s10	abide1
sub-v1s10x0051100	v1s10	abide1
sub-v1s10x0051101	v1s10	abide1
sub-v1s10x0051102	v1s10	abide1
sub-v1s10x0051103	v1s10	abide1
sub-v1s10x0051104	v1s10	abide1
sub-v1s10x0051105	v1s10	abide1
sub-v1s10x0051106	v1s10	abide1
sub-v1s10x0051107	v1s10	abide1
sub-v1s10x0051108	v1s10	abide1
sub-v1s10x0051109	v1s10	abide1
sub-v1s10x0051110	v1s10	abide1
sub-v1s10x0051111	v1s10	abide1
sub-v1s10x0051112	v1s10	abide1
sub-v1s10x0051113	v1s10	abide1
sub-v1s10x0051114	v1s10	abide1
sub-v1s10x0051115	v1s10	abide1
sub-v1s10x0051116	v1s10	abide1
sub-v1s10x0051117	v1s10	abide1
sub-v1s10x0051118	v1s10	abide1
sub-v1s10x0051119	v1s10	abide1
sub-v1s10x0051120	v1s10	abide1
sub-v1s10x0051121	v1s10	abide1
sub-v1s10x0051122	v1s10	abide1
sub-v1s10x0051123	v1s10	abide1
sub-v1s10x0051124	v1s10	abide1
sub-v1s10x0051125	v1s10	abide1
sub-v1s10x0051126	v1s10	abide1
sub-v1s10x0051127	v1s10	abide1
sub-v1s10x0051128	v1s10	abide1
sub-v1s10x0051129	v1s10	abide1
sub-v1s10x0051130	v1s10	abide1
sub-v1s10x0051131	v1s10	abide1
sub-v1s10x0051146	v1s10	abide1
sub-v1s10x0051147	v1s10	abide1
sub-v1s10x0051148	v1s10	abide1
sub-v1s10x0051149	v1s10	abide1
sub-v1s10x0051150	v1s10	abide1
sub-v1s10x0051151	v1s10	abide1
sub-v1s10x0051152	v1s10	abide1
sub-v1s10x0051153	v1s10	abide1
sub-v1s10x0051154	v1s10	abide1
sub-v1s10x0051155	v1s10	abide1
sub-v1s10x0051156	v1s10	abide1
sub-v1s10x0051159	v1s10	abide1
sub-v1s11x0050142	v1s11	abide1
sub-v1s11x0050143	v1s11	abide1
sub-v1s11x0050144	v1s11	abide1
sub-v1s11x0050145	v1s11	abide1
sub-v1s11x0050146	v1s11	abide1
sub-v1s11x0050147	v1s11	abide1
sub-v1s11x0050148	v1s11	abide1
sub-v1s11x0050149	v1s11	abide1
sub-v1s11x0050150	v1s11	abide1
sub-v1s11x0050152	v1s11	abide1
sub-v1s11x0050153	v1s11	abide1
sub-v1s11x0050155	v1s11	abide1
sub-v1s11x0050156	v1s11	abide1
sub-v1s11x0050157	v1s11	abide1
sub-v1s11x0050158	v1s11	abide1
sub-v1s11x0050159	v1s11	abide1
sub-v1s11x0050160	v1s11	abide1
sub-v1s11x0050161	v1s11	abide1
sub-v1s11x0050162	v1s11	abide1
sub-v1s11x0050163	v1s11	abide1
sub-v1s11x0050164	v1s11	abide1
sub-v1s11x0050165	v1s11	abide1
sub-v1s11x0050166	v1s11	abide1
sub-v1s11x0050168	v1s11	abide1
sub-v1s12x0050102	v1s12	abide1
sub-v1s12x0050106	v1s12	abide1
sub-v1s13x0050002	v1s13	abide1
sub-v1s15x0050189	v1s15	abide1
sub-v1s15x0050193	v1s15	abide1
sub-v1s15x0050199	v1s15	abide1
sub-v1s15x0050202	v1s15	abide1
sub-v1s15x0050204	v1s15	abide1
sub-v1s15x0050210	v1s15	abide1
sub-v1s16x0051160	v1s16	abide1
sub-v1s17x0050265	v1s17	abide1
sub-v1s17x0050268	v1s17	abide1
sub-v1s17x0050270	v1s17	abide1
sub-v1s17x0050271	v1s17	abide1
sub-v1s17x0051133	v1s17	abide1
sub-v1s18x0051204	v1s18	abide1
sub-v1s18x0051273	v1s18	abide1
sub-v1s18x0051276	v1s18	abide1
sub-v1s18x0051278	v1s18	abide1
sub-v1s18x0051279	v1s18	abide1
sub-v1s18x0051280	v1s18	abide1
sub-v1s18x0051281	v1s18	abide1
sub-v1s18x0051282	v1s18	abide1
sub-v1s19x0051291	v1s19	abide1
sub-v1s19x0051292	v1s19	abide1
sub-v1s19x0051293	v1s19	abide1
sub-v1s19x0051294	v1s19	abide1
sub-v1s19x0051295	v1s19	abide1
sub-v1s19x0051297	v1s19	abide1
sub-v1s19x0051298	v1s19	abide1
sub-v1s19x0051299	v1s19	abide1
sub-v1s19x0051300	v1s19	abide1
sub-v1s19x0051301	v1s19	abide1
sub-v1s19x0051302	v1s19	abide1
sub-v1s19x0051303	v1s19	abide1
sub-v1s19x0051304	v1s19	abide1
sub-v1s19x0051305	v1s19	abide1
sub-v1s19x0051306	v1s19	abide1
sub-v1s19x0051307	v1s19	abide1
sub-v1s19x0051308	v1s19	abide1
sub-v1s19x0051309	v1s19	abide1
sub-v1s19x0051311	v1s19	abide1
sub-v1s19x0051312	v1s19	abide1
sub-v1s19x0051313	v1s19	abide1
sub-v1s19x0051314	v1s19	abide1
sub-v1s19x0051315	v1s19	abide1
sub-v1s19x0051316	v1s19	abide1
sub-v1s19x0051317	v1s19	abide1
sub-v1s1x0050643	v1s1	abide1
sub-v1s1x0050644	v1s1	abide1
sub-v1s1x0050645	v1s1	abide1
sub-v1s1x0050648	v1s1	abide1
sub-v1s1x0050650	v1s1	abide1
sub-v1s1x0050651	v1s1	abide1
sub-v1s1x0050652	v1s1	abide1
sub-v1s1x0050655	v1s1	abide1
sub-v1s1x0050657	v1s1	abide1
sub-v1s1x0050658	v1s1	abide1
sub-v1s1x0050661	v1s1	abide1
sub-v1s1x0050667	v1s1	abide1
sub-v1s1x0050669	v1s1	abide1
sub-v1s20x0050272	v1s20	abide1
sub-v1s20x0050273	v1s20	abide1
sub-v1s20x0050274	v1s20	abide1
sub-v1s20x0050275	v1s20	abide1
sub-v1s20x0050276	v1s20	abide1
sub-v1s20x0050277	v1s20	abide1
sub-v1s20x0050278	v1s20	abide1
sub-v1s20x0050279	v1s20	abide1
sub-v1s20x0050280	v1s20	abide1
sub-v1s20x0050281	v1s20	abide1
sub-v1s20x0050282	v1s20	abide1
sub-v1s20x0050283	v1s20	abide1
sub-v1s20x0050284	v1s20	abide1
sub-v1s20x0050285	v1s20	abide1
sub-v1s20x0050286	v1s20	abide1
sub-v1s20x0050287	v1s20	abide1
sub-v1s20x0050288	v1s20	abide1
sub-v1s20x0050289	v1s20	abide1
sub-v1s20x0050290	v1s20	abide1
sub-v1s20x0050291	v1s20	abide1
sub-v1s20x0050292	v1s20	abide1
sub-v1s20x0050293	v1s20	abide1
sub-v1s20x0050294	v1s20	abide1
sub-v1s20x0050295	v1s20	abide1
sub-v1s20x0050296	v1s20	abide1
sub-v1s20x0050297	v1s20	abide1
sub-v1s20x0050298	v1s20	abide1
sub-v1s20x0050299	v1s20	abide1
sub-v1s20x0050300	v1s20	abide1
sub-v1s20x0050328	v1s20	abide1
sub-v1s20x0050329	v1s20	abide1
sub-v1s20x0050331	v1s20	abide1
sub-v1s20x0050343	v1s20	abide1
sub-v1s20x0050372	v1s20	abide1
sub-v1s22x0050442	v1s22	abide1
sub-v1s22x0050444	v1s22	abide1
sub-v1s22x0050449	v1s22	abide1
sub-v1s22x0050453	v1s22	abide1
sub-v1s22x0050484	v1s22	abide1
sub-v1s23x0050555	v1s23	abide1
sub-v1s23x0050561	v1s23	abide1
sub-v1s23x0050569	v1s23	abide1
sub-v1s23x0050573	v1s23	abide1
sub-v1s23x0050625	v1s23	abide1
sub-v1s2x0051456	v1s2	abide1
sub-v1s3x0050783	v1s3	abide1
sub-v1s3x0050786	v1s3	abide1
sub-v1s3x0050789	v1s3	abide1
sub-v1s3x0050799	v1s3	abide1
sub-v1s3x0050823	v1s3	abide1
sub-v2s0x29006	v2s0	abide2
sub-v2s2x29057	v2s2	abide2
